Name,Phone,Ratings
"Chicago, IL",(312) 419-7065,4.8
"Washington, DC",(202) 223-8656,4.9
"Austin, TX",(512) 653-3003,4.9
"Denver, CO",720-893-8757,4.9
"Chicago, IL",877-899-9981,4.9
"Needham, MA",617.553.5170,4.9
"Morristown, NJ",+1 973 867 7042,5.0
"Toronto, Canada",416.366.2266 ext 221,4.9
"San Diego, CA",619.330.0730,4.9
"Alexandria, VA",(703) 650-1987,4.8
"Wayne, PA",6109020000,5.0
"Takoma Park, MD",+1.202.869.3411,4.8
"Chicago, IL",3123244970,4.9
"Miami, FL",3059372526,4.9
"Marlborough, MA",8773251131,4.9
"Melbourne, Australia",1300 554 891,5.0
"Ottawa, Canada",866.980.7587,4.9
"New York, NY",(631) 393-6116,4.7
"Sheffield, United Kingdom",0800 292 2410,4.8
"Dallas, TX",844.235.3439,4.8
"Irvine, CA",(949) 940-8884,4.9
"London, United Kingdom",+44(0)20 3951 0562,5.0
"Chicago, IL",312.212.0968,5.0
"Minneapolis, MN",6124182787,5.0
"New York, NY",212-674-5600,4.7
"Fort Lauderdale, FL",9546332963,4.9
"Dallas, TX",(888) 498-3815,4.9
"New York, NY",+1 (646) 818-9655,4.8
"Shelton, CT",646 397 6244,5.0
"London, United Kingdom",+447432633408,4.8
"Hồ Chí Minh, Vietnam",(+84 )90 2826 031,5.0
"Lehi, UT",866-493-7312,4.8
"Lehi, UT",(877) 653-5940,4.7
"Philadelphia, PA",8008055195,5.0
"Culver City, CA",866-783-2969,4.8
"Philadelphia, PA",267.774.2557,4.7
"Columbia, MD",8559326324,4.8
"Chicago, IL",(312) 448-7473,5.0
"Paramus, NJ",+1.201.870.6000,5.0
