ASIAN INTERNATIONAL COLLEGE,200 HOURS SUPERVISED PRACTICUM,Active,199907030H
AALTO EXECUTIVE EDUCATION ACADEMY,AALTO UNIVERSITY EXECUTIVE MBA,Active,200000295R
Ngee Ann Academy,ADELAIDE GRADUATE CERTIFICATE IN BUSINESS ADMINISTRATION,Active,199703922R
Ngee Ann Academy,ADELAIDE MASTER OF BUSINESS ADMINISTRATION,Active,199703922R
SAA GLOBAL EDUCATION CENTRE,ADVANCED CERTIFICATE IN ACCOUNTING,Active,201001206N
THE MASTER�S TRAINING INTERNATIONAL,"Advanced Certificate in Baking, Bread and Pastry Production",Active,201909892R
RAFFLES SKILLS LAB INTERNATIONAL TRAINING CENTRE,Advanced Certificate in Business,Active,201020518M
THE MASTER�S TRAINING INTERNATIONAL,Advanced Certificate in Commercial Digital Photography,Active,201909892R
THE MASTER�S TRAINING INTERNATIONAL,Advanced Certificate in Culinary Arts,Active,201909892R
TRAINING VISION INSTITUTE,ADVANCED CERTIFICATE IN DIGITAL MARKETING,Active,199104974R
ASIAN INTERNATIONAL COLLEGE,ADVANCED CERTIFICATE IN EARLY CHILDHOOD EDUCATION,Active,199907030H
ASIAN INTERNATIONAL COLLEGE,ADVANCED CERTIFICATE IN EARLY CHILDHOOD EDUCATION (MANDARIN),Active,199907030H
TEXTILE AND FASHION INDUSTRY TRAINING CENTRE,ADVANCED CERTIFICATE IN FASHION BUSINESS,Active,198301430C
TEXTILE AND FASHION INDUSTRY TRAINING CENTRE,ADVANCED CERTIFICATE IN FOOTWEAR DESIGN AND PRODUCT DEVELOPMENT,Active,198301430C
SINGAPORE COLLEGE OF INSURANCE,ADVANCED CERTIFICATE IN GENERAL INSURANCE BROKING,Active,199408491M
SINGAPORE COLLEGE OF INSURANCE,ADVANCED CERTIFICATE IN GENERAL INSURANCE UNDERWRITING AND CLAIMS HANDLING,Active,199408491M
LITHAN ACADEMY,ADVANCED CERTIFICATE IN INFRASTRUCTURE SUPPORT,Active,200202841R
LITHAN ACADEMY,ADVANCED CERTIFICATE IN INFRASTRUCTURE SUPPORT (E-LEARNING),Active,200202841R
SINGAPORE COLLEGE OF INSURANCE,ADVANCED CERTIFICATE IN LIFE AND HEALTH INSURANCE UNDERWRITING AND CLAIMS HANDLING,Active,199408491M
SINGAPORE COLLEGE OF INSURANCE,ADVANCED CERTIFICATE IN REINSURANCE,Active,199408491M
